train_acc,train_loss,val_acc,val_loss
0.03530526315789474,4.336329,0.06920000000000001,4.0470676
0.08218947368421053,3.953359,0.1052,3.7895098
0.12103157894736843,3.7155092,0.1356,3.6001856
