train_acc,train_loss,val_acc,val_loss
0.03450526315789474,4.34257,0.0632,4.062994
