train_acc,train_loss,val_acc,val_loss
0.034168421052631584,4.3414984,0.06960000000000001,4.057172
0.08210526315789474,3.955988,0.118,3.7413223
0.1276,3.6761549,0.15200000000000002,3.5282898
